﻿{
	"Game": {
		"Levels": [{
			"name":"Level1",
			"next":1,
			"girlPos":[0,0],
			"camPos":[2,1.5,6],
			"camTranslatioX":2,
			"ground": 
				{
					"transform": [[4,2,0,0],[4,2,4,0.2],[4,2,8,0],[4,2,12,0.2],[4,2,16,0],
					[4,2,20,0.2],[4,2,24,0],[4,2,28,0],[4,2,32,0.2],[4,2,36,0.4],[4,2,40,0.6],
					[4,2,44,0.6],[4,2,48,0.4],[4,2,52,0.2],[4,2,56,0],[4,2,60,0],[4,2,64,0]],
					"index":[0,1,2]
				},
			"enemys": [
				{
					"name": "fish",
					"spritsheetData": [[350,1000,250,150,8,250],[350,1000,250,150,8,250]],
					"positions": [
						[[2.8,1.5],[15,1],[28,1.5],[40,0.8],[55,1]],
						[[6,1.3],[20,0.5],[32,1],[44,1.3],[60,1]]
					],
					"scale": [0.5,0.5],
					"speed": [0.5,0],
					"index": [0,0]
				},
				{
					"name": "monky",
					"spritsheetData": [[2350,1000,22,39,4,39],[2350,1000,22,39,4,39]],
					"positions": [
						[[3.2,0.5],[19.5,1],[33,1.3],[47.2,0.8],[59,1]],
						[[11,1.3],[28.2,0.3],[39,1.5],[53.1,0.8]]
					],
					"scale": [0.5,0.5],
					"speed": [0,0],
					"index": [0,0]
				}
			],
			"nature": [
				{
					"name": "LeafTree",
					"spritsheetData": [2438, 1000, 350, 500, 1, 200],
					"positions": [
						[[3,0.2],[20,0.2],[39,0.6],[59,0]],
						[[14.5,0],[28,0],[47,0.4]]
					],
					"scale": [1,1],
					"index": [0,0]
				},
				{
					"name": "PineTree",
					"spritsheetData": [2788, 1000, 280, 500, 1, 200],
					"positions": [
						[[-1,0],[24.5,0],[40,0.6]],
						[[11,0.2],[32,0.2],[44,0.6]]
					],
					"type":"Object",
					"scale": [1,1],
					"index": [0,0]
				},
				{
					"name": "SlimTree",
					"spritsheetData": [3068, 1000, 100, 400, 1, 220],
					"positions": [
						[[2.5,0.2],[30.5,0.2],[53,0.2]],
						[[21,0.2],[33.1,0.2]]
					],
					"type":"Object",
					"scale": [1,1],
					"index": [0,0]
				}
			],
			"background": {
				"name": "mountains",
				"id": "mountain",
				"spritsheetData": [5,5,7990,2975,1,7990],
				"positions": [
					[[0,-1.5],[30,-1.5],[60,-1.5]],
					[[15,-1.5],[45,-1.5],[75,-1.5]]
				],
				"Z": -5,
				"scale": [15,15],
				"index": [0,0]
			}
		}, 
		{
			"name":"Level2",
			"next":2,
			"girlPos":[0,0],
			"camPos":[2,1.5,6],
			"camTranslatioX":2,
			"ground": 
				{
					"transform": [[4,2,0,0],[4,2,4,0.2],[4,2,8,0.2],[4,2,12,0.2],[4,2,16,0],
					[4,2,20,0],[4,2,24,0],[4,2,28,0],[4,2,32,0.2],[4,2,36,0.4],[4,2,40,0.6],
					[4,2,44,0.6],[4,2,48,0.8]],
					"index":[0,1,2]
				},
			"enemys": [
				{
					"name": "fish",
					"spritsheetData": [[350,1000,250,150,8,250],[350,1000,250,150,8,250]],
					"positions": [
						[[13,1],[25,1.5],[38,1],[55,1]],
						[[7,1.3],[20,0.8],[32,1],[44,1.3],[56,1.5]]
					],
					"scale": [0.5,0.5],
					"speed": [0.5,0],
					"index": [0,0]
				},
				{
					"name": "monky",
					"spritsheetData": [[2350,1000,22,39,4,39],[2350,1000,22,39,4,39]],
					"positions": [
						[[5.2,0.5],[15.5,1.3],[29.3,1.3],[42.5,1.5]],
						[[4.5,1.3],[19.7,0.4],[32,1.5],[43.2,1]]
					],
					"scale": [0.5,0.5],
					"speed": [0,0],
					"index": [0,0]
				}
			],
			"nature": [
				{
					"name": "LeafTree",
					"spritsheetData": [2438, 1000, 350, 500, 1, 200],
					"positions": [
						[[-1.5,0],[15,0],[29,0],[43,0.6]],
						[[5,0.2],[19.5,0],[33,0.2]]
					],
					"scale": [1,1],
					"index": [0,0]
				},
				{
					"name": "PineTree",
					"spritsheetData": [2788, 1000, 280, 500, 1, 200],
					"positions": [
						[[11,0.2],[24.5,0],[40,0.6]],
						[[13,0.2],[32,0.2],[44,0.6]]
					],
					"scale": [1,1],
					"index": [0,0]
				},
				{
					"name": "SlimTree",
					"spritsheetData": [3068, 1000, 100, 400, 1, 220],
					"positions": [
						[[3,0.2],[30.5,0.2]],
						[[24,0]]
					],
					"scale": [1,1],
					"index": [0,0]
				}
			],
			"background": {
				"name": "forest",
				"id": "forest",
				"spritsheetData": [1,1,1198,659,1,1198],
				"positions": [
					[[0,-1.7],[30,-1.7],[60,-1.7]],
					[[15,-1.7],[45,-1.7]]
				],
				"Z": -5,
				"scale": [15,15],
				"index": [0,0]
			}
		}, {
			"name":"Level3",
			"next":3,
			"girlPos":[0,1],
			"camPos":[2,1.5,6],
			"camTranslatioX":2,
			"ground": 
				{
					"transform": [[4,2,0,1],[4,2,4,0.8],[4,2,8,0.6],[4,2,12,0.6],[4,2,16,0.4],
					[4,2,20,0.4],[4,2,24,0.2],[4,2,28,0],[4,2,32,0.2],[4,2,36,0.4],[4,2,40,0.4],
					[4,2,44,0.6],[4,2,48,0.4],[4,2,52,0.2],[4,2,56,0],[4,2,60,0]],
					"index":[0,1,2]
				},
			"enemys": [
				{
					"name": "fish",
					"spritsheetData": [[350,1000,250,150,8,250],[350,1000,250,150,8,250]],
					"positions": [
						[[5,2],[16,1.5],[28,1.5],[40,1.8],[57,1.8]],
						[[7,2.3],[20,1.5],[32,1.2],[48.4,1.3],[62,1.5]]
					],
					"scale": [0.5,0.5],
					"speed": [0.5,0],
					"index": [0,0]
				},
				{
					"name": "monky",
					"spritsheetData": [[2350,1000,22,39,4,39],[2350,1000,22,39,4,39]],
					"positions": [
						[[3.2,1.5],[17.5,1],[28.5,1.5],[46.3,1.7]],
						[[10.7,0.9],[29.4,1.2],[37,1.5],[51.1,0.6]]
					],
					"scale": [0.5,0.5],
					"speed": [0,0],
					"index": [0,0]
				}
			],
			"nature": [
				{
					"name": "LeafTree",
					"spritsheetData": [2438, 1000, 350, 500, 1, 200],
					"positions": [
						[[3,0.8],[15,0.4],[28,0],[40,0.4],[55,0]],
						[[10.5,0.6],[25,0.2],[37,0.4],[51,0.2]]
					],
					"scale": [1,1],
					"index": [0,0]
				},
				{
					"name": "PineTree",
					"spritsheetData": [2788, 1000, 280, 500, 1, 200],
					"positions": [
						[[-1,1],[17.5,0.4],[34.5,0.4],[46.5,0.4]],
						[[12,0.6],[42.5,0.6],[60,0]]
					],
					"scale": [1,1],
					"index": [0,0]
				},
				{
					"name": "SlimTree",
					"spritsheetData": [3068, 1000, 100, 400, 1, 220],
					"positions": [
						[[29.5,0],[48.5,0.4],[62,0]],
						[[32,0.2],[57.1,0]]
					],
					"scale": [1,1],
					"index": [0,0]
				}
			],
			"background": {
				"name": "mountains2",
				"id": "mountain2",
				"spritsheetData": [1,1,3999,499,1,3999],
				"positions": [
					[[0,-1.5],[60,-1.5]],
					[[30,-1.5]]
				],
				"Z": -5,
				"scale": [30,30],
				"index": [0,0]
			}
		}]
	}
}